,t,x,y,z,is_emissionpoint
0,0.0,6.3,1.02,1.1,1.0
1,0.001001001001001001,6.295778260472415,1.0185957997604782,1.0991536550031986,0.0
2,0.002002002002002002,6.2915514992849095,1.0172060088657768,1.0983163090766193,0.0
3,0.003003003003003003,6.287319744872702,1.0158306078174595,1.0974879432634483,0.0
4,0.004004004004004004,6.283083025671019,1.0144695771170893,1.0966685386068733,0.0
5,0.005005005005005005,6.278841370115075,1.0131228972662298,1.09585807615008,0.0
6,0.006006006006006006,6.274594806640096,1.0117905487664436,1.0950565369362548,0.0
7,0.007007007007007007,6.270343363681297,1.0104725121192941,1.0942639020085838,0.0
8,0.008008008008008008,6.266087069673898,1.0091687678263441,1.0934801524102535,0.0
9,0.009009009009009009,6.261825953053125,1.0078792963891576,1.0927052691844512,0.0
10,0.01001001001001001,6.257560042254196,1.006604078309297,1.0919392333743623,0.0
11,0.011011011011011011,6.253289365712329,1.005343094088326,1.0911820260231737,0.0
12,0.012012012012012012,6.249013951862747,1.0040963242278074,1.0904336281740719,0.0
13,0.013013013013013013,6.244733829140667,1.002863749229304,1.089694020870242,0.0
14,0.014014014014014014,6.240449025981316,1.0016453495943796,1.0889631851548722,0.0
15,0.015015015015015015,6.236159570819907,1.0004411058245974,1.0882411020711484,0.0
16,0.016016016016016016,6.231865492091664,0.9992509984215204,1.0875277526622567,0.0
17,0.017017017017017015,6.227566818231807,0.9980750078867116,1.0868231179713836,0.0
18,0.018018018018018018,6.223263577675557,0.9969131147217342,1.086127179041715,0.0
19,0.01901901901901902,6.218955798858133,0.9957652994281514,1.0854399169164386,0.0
20,0.02002002002002002,6.214643510214758,0.9946315425075266,1.0847613126387399,0.0
21,0.02102102102102102,6.2103267401806495,0.9935118244614229,1.0840913472518054,0.0
22,0.022022022022022022,6.206005517191027,0.9924061257914031,1.0834300017988214,0.0
23,0.023023023023023025,6.201679869681113,0.9913144269990304,1.0827772573229741,0.0
24,0.024024024024024024,6.197349826086129,0.9902367085858684,1.0821330948674508,0.0
25,0.025025025025025023,6.193015414841295,0.9891729510534804,1.0814974954754375,0.0
26,0.026026026026026026,6.18867666438183,0.9881231349034287,1.0808704401901204,0.0
27,0.02702702702702703,6.184333603142953,0.9870872406372774,1.0802519100546861,0.0
28,0.028028028028028028,6.179986259559887,0.9860652487565886,1.0796418861123205,0.0
29,0.029029029029029027,6.175634662067853,0.9850571397629267,1.0790403494062109,0.0
30,0.03003003003003003,6.171278839102067,0.984062894157854,1.0784472809795431,0.0
31,0.031031031031031032,6.166918819097755,0.9830824924429341,1.0778626618755036,0.0
32,0.03203203203203203,6.162554630490133,0.9821159151197298,1.077286473137279,0.0
33,0.03303303303303303,6.158186301714423,0.9811631426898044,1.0767186958080552,0.0
34,0.03403403403403403,6.153813861205848,0.9802241556547214,1.0761593109310197,0.0
35,0.035035035035035036,6.149437337399624,0.9792989345160436,1.0756082995493579,0.0
36,0.036036036036036036,6.1450567587309735,0.9783874597753343,1.0750656427062564,0.0
37,0.037037037037037035,6.1406721536351165,0.9774897119341565,1.074531321444902,0.0
38,0.03803803803803804,6.136283550547272,0.9766056714940732,1.0740053168084802,0.0
39,0.03903903903903904,6.131890977902665,0.9757353189566486,1.0734876098401787,0.0
40,0.04004004004004004,6.12749446413651,0.9748786348234445,1.072978181583183,0.0
41,0.04104104104104104,6.123094037684033,0.9740355995960249,1.07247701308068,0.0
42,0.04204204204204204,6.118689726980451,0.973206193775953,1.071984085375856,0.0
43,0.043043043043043044,6.114281560460983,0.9723903978647911,1.0714993795118966,0.0
44,0.044044044044044044,6.109869566560851,0.9715881923641035,1.0710228765319894,0.0
45,0.04504504504504504,6.105453773715278,0.9707995577754527,1.0705545574793203,0.0
46,0.04604604604604605,6.101034210359482,0.970024474600402,1.0700944033970756,0.0
47,0.04704704704704705,6.0966109049286805,0.9692629233405143,1.0696423953284417,0.0
48,0.04804804804804805,6.0921838858581,0.9685148844973535,1.0691985143166054,0.0
49,0.04904904904904905,6.087753181582957,0.967780338572482,1.068762741404753,0.0
50,0.050050050050050046,6.083318820538471,0.9670592660674634,1.0683350576360706,0.0
51,0.05105105105105105,6.078880831159867,0.9663516474838609,1.0679154440537446,0.0
52,0.05205205205205205,6.0744392418823585,0.9656574633232371,1.0675038817009614,0.0
53,0.05305305305305305,6.069994081141174,0.9649766940871559,1.0671003516209083,0.0
54,0.05405405405405406,6.065545377371528,0.9643093202771801,1.0667048348567707,0.0
55,0.055055055055055056,6.061093159008641,0.9636553223948727,1.066317312451735,0.0
56,0.056056056056056056,6.0566374544877375,0.9630146809417974,1.0659377654489886,0.0
57,0.057057057057057055,6.052178292244032,0.9623873764195165,1.0655661748917165,0.0
58,0.058058058058058054,6.047715700712751,0.9617733893295941,1.065202521823106,0.0
59,0.05905905905905906,6.043249708329112,0.961172700173593,1.064846787286344,0.0
60,0.06006006006006006,6.038780343528335,0.9605852894530763,1.064498952324616,0.0
61,0.06106106106106106,6.034307634745641,0.9600111376696071,1.0641589979811086,0.0
62,0.062062062062062065,6.029831610416249,0.9594502253247484,1.063826905299008,0.0
63,0.06306306306306306,6.02535229897538,0.958902532920064,1.0635026553215012,0.0
64,0.06406406406406406,6.020869728858257,0.9583680409571166,1.0631862290917744,0.0
65,0.06506506506506507,6.016383928500098,0.9578467299374694,1.0628776076530138,0.0
66,0.06606606606606606,6.011894926336125,0.9573385803626857,1.062576772048406,0.0
67,0.06706706706706707,6.007402750801552,0.9568435727343281,1.0622837033211368,0.0
68,0.06806806806806806,6.002907430331611,0.9563616875539608,1.061998382514394,0.0
69,0.06906906906906907,5.9984089933615135,0.9558929053231464,1.061720790671363,0.0
70,0.07007007007007007,5.993907468326481,0.955437206543448,1.0614509088352302,0.0
71,0.07107107107107107,5.989402883661737,0.9549945717164288,1.0611887180491821,0.0
72,0.07207207207207207,5.984895267802497,0.9545649813436519,1.0609341993564052,0.0
73,0.07307307307307308,5.980384649183988,0.9541484159266806,1.0606873338000862,0.0
74,0.07407407407407407,5.975871056241426,0.9537448559670781,1.0604481024234111,0.0
75,0.07507507507507508,5.971354517410033,0.9533542819664077,1.0602164862695664,0.0
76,0.07607607607607608,5.966835061125025,0.9529766744262319,1.0599924663817384,0.0
77,0.07707707707707707,5.9623127158216285,0.9526120138481147,1.0597760238031138,0.0
78,0.07807807807807808,5.957787509935062,0.9522602807336189,1.0595671395768789,0.0
79,0.07907907907907907,5.9532594719005445,0.9519214555843076,1.0593657947462203,0.0
80,0.08008008008008008,5.9487286301532984,0.9515955189017442,1.059171970354324,0.0
81,0.08108108108108109,5.944195013128539,0.9512824511874911,1.0589856474443762,0.0
82,0.08208208208208208,5.939658649261494,0.9509822329431127,1.058806807059564,0.0
83,0.08308308308308308,5.935119566987381,0.9506948446701714,1.058635430243074,0.0
84,0.08408408408408408,5.930577794741417,0.9504202668702304,1.0584714980380918,0.0
85,0.08508508508508508,5.926033360958827,0.9501584800448529,1.058314991487804,0.0
86,0.08608608608608609,5.921486294074827,0.949909464695602,1.0581658916353969,0.0
87,0.08708708708708708,5.916936622524642,0.9496732013240414,1.0580241795240577,0.0
88,0.08808808808808809,5.91238437474349,0.9494496704317335,1.0578898361969722,0.0
89,0.0890890890890891,5.907829579166592,0.9492388525202421,1.0577628426973267,0.0
90,0.09009009009009009,5.903272264229166,0.9490407280911298,1.057643180068308,0.0
91,0.09109109109109109,5.898712458366435,0.94885527764596,1.0575308293531018,0.0
92,0.0920920920920921,5.894150190013621,0.9486824816862963,1.0574257715948954,0.0
93,0.09309309309309309,5.889585487605939,0.9485223207137012,1.057327987836875,0.0
94,0.0940940940940941,5.885018379578615,0.9483747752297383,1.0572374591222267,0.0
95,0.09509509509509509,5.880448894366866,0.9482398257359707,1.057154166494137,0.0
96,0.0960960960960961,5.875877060405911,0.9481174527339608,1.0570780909957922,0.0
97,0.0970970970970971,5.871302906130976,0.9480076367252732,1.0570092136703793,0.0
98,0.0980980980980981,5.866726459977277,0.94791035821147,1.056947515561084,0.0
99,0.0990990990990991,5.8621477503800365,0.9478255976941149,1.0568929777110931,0.0
100,0.10010010010010009,5.857566805774472,0.9477533356747707,1.0568455811635926,1.0
101,0.1011011011011011,5.852983654595804,0.9476935526550003,1.0568053069617696,0.0
102,0.1021021021021021,5.848398325279259,0.9476462291363678,1.0567721361488098,0.0
103,0.1031031031031031,5.843810846260052,0.9476113456204358,1.0567460497679004,0.0
104,0.1041041041041041,5.839221245973404,0.9475888826087674,1.0567270288622272,0.0
105,0.10510510510510511,5.834629552854534,0.9475788206029259,1.0567150544749766,0.0
106,0.1061061061061061,5.830035795338664,0.9475811401044741,1.056710107649335,0.0
107,0.10710710710710711,5.825440001861016,0.9475958216149757,1.0567121694284891,0.0
108,0.10810810810810811,5.820842200856809,0.947622845635994,1.0567212208556256,0.0
109,0.1091091091091091,5.816242420761263,0.9476621926690916,1.0567372429739301,0.0
110,0.11011011011011011,5.8116406900096,0.947713843215832,1.0567602168265897,0.0
111,0.1111111111111111,5.807037037037037,0.9477777777777777,1.05679012345679,0.0
112,0.11211211211211211,5.802431490278796,0.9478539768564929,1.0568269439077183,0.0
113,0.11311311311311312,5.797824078170098,0.9479424209535402,1.0568706592225605,0.0
114,0.11411411411411411,5.793214829146166,0.948043090570483,1.0569212504445036,0.0
115,0.11511511511511512,5.788603771642215,0.9481559662088842,1.056978698616733,0.0
116,0.11611611611611611,5.783990934093468,0.9482810283703067,1.0570429847824359,0.0
117,0.11711711711711711,5.779376344935145,0.9484182575563144,1.0571140899847984,0.0
118,0.11811811811811812,5.774760032602469,0.9485676342684702,1.0571919952670072,0.0
119,0.11911911911911911,5.770142025530657,0.9487291390083373,1.0572766816722485,0.0
120,0.12012012012012012,5.765522352154931,0.9489027522774786,1.0573681302437086,0.0
121,0.12112112112112113,5.760901040910508,0.949088454577457,1.057466322024574,0.0
122,0.12212212212212212,5.756278120232614,0.9492862264098365,1.057571238058031,0.0
123,0.12312312312312312,5.7516536185564675,0.9494960482761798,1.0576828593872662,0.0
124,0.12412412412412413,5.747027564317286,0.9497179006780502,1.0578011670554666,0.0
125,0.12512512512512514,5.742399985950294,0.9499517641170105,1.0579261421058175,0.0
126,0.12612612612612611,5.737770911890706,0.9501976190946241,1.0580577655815055,0.0
127,0.12712712712712712,5.733140370573749,0.9504554461124545,1.0581960185257173,0.0
128,0.12812812812812813,5.72850839043464,0.9507252256720644,1.0583408819816398,0.0
129,0.12912912912912913,5.723874999908601,0.9510069382750171,1.0584923369924588,0.0
130,0.13013013013013014,5.71924022743085,0.9513005644228762,1.0586503646013607,0.0
131,0.13113113113113112,5.714604101436608,0.9516060846172036,1.0588149458515317,0.0
132,0.13213213213213212,5.709966650361098,0.9519234793595639,1.058986061786159,0.0
133,0.13313313313313313,5.705327902639538,0.9522527291515198,1.0591636934484283,0.0
134,0.13413413413413414,5.70068788670715,0.9525938144946344,1.059347821881527,0.0
135,0.13513513513513514,5.6960466309991515,0.9529467158904708,1.0595384281286404,0.0
136,0.13613613613613612,5.691404163950763,0.9533114138405915,1.0597354932329546,0.0
137,0.13713713713713713,5.686760513997208,0.9536878888465609,1.059938998237657,0.0
138,0.13813813813813813,5.682115709573708,0.9540761214099417,1.060148924185934,0.0
139,0.13913913913913914,5.677469779115478,0.954476092032297,1.0603652521209719,0.0
140,0.14014014014014015,5.672822751057743,0.9548877812151899,1.0605879630859567,0.0
141,0.14114114114114115,5.668174653835719,0.9553111694601832,1.060817038124075,0.0
142,0.14214214214214213,5.663525515884631,0.955746237268841,1.0610524582785132,0.0
143,0.14314314314314314,5.658875365639697,0.9561929651427257,1.0612942045924578,0.0
144,0.14414414414414414,5.654224231536138,0.9566513335834009,1.0615422581090952,0.0
145,0.14514514514514515,5.649572142009174,0.9571213230924295,1.061796599871612,0.0
146,0.14614614614614616,5.644919125494023,0.9576029141713746,1.0620572109231938,0.0
147,0.14714714714714713,5.64026521042591,0.9580960873217994,1.062324072307028,0.0
148,0.14814814814814814,5.635610425240054,0.9586008230452674,1.0625971650663009,0.0
149,0.14914914914914915,5.630954798371675,0.9591171018433418,1.0628764702441986,0.0
150,0.15015015015015015,5.626298358255992,0.9596449042175852,1.0631619688839073,0.0
151,0.15115115115115116,5.621641133328224,0.9601842106695607,1.0634536420286134,0.0
152,0.15215215215215216,5.6169831520235975,0.9607350017008325,1.0637514707215037,0.0
153,0.15315315315315314,5.612324442777327,0.9612972578129627,1.0640554360057646,0.0
154,0.15415415415415415,5.607665034024636,0.9618709595075152,1.0643655189245826,0.0
155,0.15515515515515516,5.6030049542007445,0.9624560872860526,1.0646817005211437,0.0
156,0.15615615615615616,5.59834423174087,0.963052621650138,1.0650039618386342,0.0
157,0.15715715715715717,5.593682895080237,0.9636605431013352,1.065332283920241,0.0
158,0.15815815815815815,5.5890209726540645,0.964279832141207,1.0656666478091508,0.0
159,0.15915915915915915,5.5843584928975725,0.9649104692713167,1.0660070345485493,0.0
160,0.16016016016016016,5.57969548424598,0.9655524349932273,1.066353425181623,0.0
161,0.16116116116116116,5.575031975134509,0.9662057098085018,1.0667058007515582,0.0
162,0.16216216216216217,5.570367993998381,0.9668702742187038,1.0670641423015417,0.0
163,0.16316316316316315,5.565703569272813,0.9675461087253961,1.0674284308747601,0.0
164,0.16416416416416416,5.561038729393029,0.9682331938301423,1.0677986475143995,0.0
165,0.16516516516516516,5.556373502794249,0.9689315100345052,1.0681747732636462,0.0
166,0.16616616616616617,5.5517079179116875,0.9696410378400476,1.068556789165686,0.0
167,0.16716716716716717,5.547042003180573,0.9703617577483334,1.068944676263707,0.0
168,0.16816816816816815,5.542375787036122,0.9710936502609255,1.0693384156008943,0.0
169,0.16916916916916916,5.5377092979135565,0.9718366958793874,1.0697379882204348,0.0
170,0.17017017017017017,5.533042564248094,0.9725908751052814,1.0701433751655145,0.0
171,0.17117117117117117,5.528375614474957,0.9733561684401714,1.07055455747932,0.0
172,0.17217217217217218,5.523708477029365,0.9741325563856204,1.070971516205038,0.0
173,0.17317317317317318,5.519041180346539,0.9749200194431913,1.071394232385855,0.0
174,0.17417417417417416,5.5143737528617,0.9757185381144476,1.0718226870649565,0.0
175,0.17517517517517517,5.509706223010068,0.9765280929009524,1.0722568612855299,0.0
176,0.17617617617617617,5.50503861922686,0.9773486643042686,1.0726967360907607,0.0
177,0.17717717717717718,5.500370969947302,0.9781802328259596,1.073142292523836,0.0
178,0.1781781781781782,5.4957033036066125,0.9790227789675887,1.0735935116279425,0.0
179,0.17917917917917917,5.49103564864001,0.9798762832307188,1.074050374446266,0.0
180,0.18018018018018017,5.486368033482717,0.9807407261169133,1.074512862021993,0.0
181,0.18118118118118118,5.48170048656995,0.9816160881277348,1.0749809553983096,0.0
182,0.18218218218218218,5.477033036336933,0.9825023497647473,1.075454635618403,0.0
183,0.1831831831831832,5.472365711218888,0.9833994915295134,1.075933883725459,0.0
184,0.1841841841841842,5.467698539651031,0.9843074939235964,1.0764186807626643,0.0
185,0.18518518518518517,5.463031550068587,0.9852263374485599,1.0769090077732055,0.0
186,0.18618618618618618,5.458364770906771,0.9861560026059659,1.077404845800268,0.0
187,0.1871871871871872,5.453698230600808,0.9870964698973791,1.0779061758870396,0.0
188,0.1881881881881882,5.449031957585916,0.9880477198243613,1.078412979076706,0.0
189,0.1891891891891892,5.444365980297316,0.9890097328884764,1.078925236412453,0.0
190,0.19019019019019018,5.43970032717023,0.9899824895912878,1.0794429289374687,0.0
191,0.19119119119119118,5.435035026639873,0.9909659704343576,1.0799660376949376,0.0
192,0.1921921921921922,5.4303701071414725,0.9919601559192502,1.0804945437280475,0.0
193,0.1931931931931932,5.425705597110244,0.9929650265475278,1.0810284280799842,0.0
194,0.1941941941941942,5.421041524981409,0.9939805628207543,1.0815676717939338,0.0
195,0.19519519519519518,5.416377919190191,0.9950067452404926,1.082112255913084,0.0
196,0.1961961961961962,5.411714808171805,0.9960435543083055,1.0826621614806196,0.0
197,0.1971971971971972,5.407052220361474,0.9970909705257567,1.083217369539728,0.0
198,0.1981981981981982,5.40239018419442,0.9981489743944091,1.0837778611335953,0.0
199,0.1991991991991992,5.39772872810586,0.9992175464158256,1.084343617305408,0.0
200,0.20020020020020018,5.393067880531019,1.0002966670915703,1.0849146190983525,1.0
201,0.2012012012012012,5.388407669905112,1.0013863169232051,1.085490847555615,0.0
202,0.2022022022022022,5.383748124663363,1.002486476412294,1.0860722837203824,0.0
203,0.2032032032032032,5.379089273240992,1.0035971260604002,1.0866589086358407,0.0
204,0.2042042042042042,5.374431144073217,1.0047182463690865,1.0872507033451762,0.0
205,0.20520520520520522,5.36977376559526,1.005849817839916,1.0878476488915756,0.0
206,0.2062062062062062,5.365117166242344,1.0069918209744522,1.0884497263182253,0.0
207,0.2072072072072072,5.360461374449687,1.0081442362742583,1.089056916668312,0.0
208,0.2082082082082082,5.355806418652508,1.0093070442408971,1.0896692009850213,0.0
209,0.2092092092092092,5.3511523272860275,1.0104802253759317,1.0902865603115401,0.0
210,0.21021021021021022,5.346499128785468,1.011663760180926,1.0909089756910548,0.0
211,0.2112112112112112,5.341846851586048,1.0128576291574423,1.0915364281667521,0.0
212,0.2122122122122122,5.337195524122992,1.0140618128070444,1.0921688987818179,0.0
213,0.2132132132132132,5.332545174831515,1.0152762916312954,1.0928063685794391,0.0
214,0.21421421421421422,5.327895832146838,1.0165010461317578,1.0934488186028013,0.0
215,0.21521521521521522,5.323247524504185,1.0177360568099956,1.0940962298950916,0.0
216,0.21621621621621623,5.318600280338775,1.0189813041675715,1.0947485834994966,0.0
217,0.2172172172172172,5.313954128085826,1.0202367687060487,1.095405860459202,0.0
218,0.2182182182182182,5.309309096180562,1.0215024309269907,1.096068041817395,0.0
219,0.21921921921921922,5.304665213058199,1.02277827133196,1.096735108617261,0.0
220,0.22022022022022023,5.300022507153961,1.0240642704225205,1.0974070419019872,0.0
221,0.22122122122122123,5.295381006903069,1.025360408700235,1.09808382271476,0.0
222,0.2222222222222222,5.290740740740741,1.0266666666666666,1.0987654320987654,0.0
223,0.22322322322322322,5.286101737102196,1.0279830248233786,1.0994518510971902,0.0
224,0.22422422422422422,5.281464024422657,1.0293094636719342,1.1001430607532203,0.0
225,0.22522522522522523,5.276827631137345,1.0306459637138963,1.1008390421100427,0.0
226,0.22622622622622623,5.27219258568148,1.0319925054508288,1.1015397762108436,0.0
227,0.2272272272272272,5.2675589164902785,1.0333490693842937,1.102245244098809,0.0
228,0.22822822822822822,5.262926651998967,1.0347156360158551,1.1029554268171267,0.0
229,0.22922922922922923,5.25829582064276,1.0360921858470755,1.1036703054089807,0.0
230,0.23023023023023023,5.253666450856882,1.037478699379519,1.1043898609175595,0.0
231,0.23123123123123124,5.249038571076555,1.038875157114748,1.1051140743860492,0.0
232,0.23223223223223222,5.244412209736993,1.0402815395543257,1.1058429268576353,0.0
233,0.23323323323323322,5.23978739527342,1.0416978271998156,1.106576399375505,0.0
234,0.23423423423423423,5.235164156121057,1.0431240005527804,1.107314472982844,0.0
235,0.23523523523523523,5.230542520715123,1.0445600401147839,1.1080571287228393,0.0
236,0.23623623623623624,5.225922517490843,1.0460059263873889,1.1088043476386775,0.0
237,0.23723723723723725,5.2213041748834295,1.0474616398721586,1.1095561107735445,0.0
238,0.23823823823823823,5.216687521328108,1.048927161070656,1.1103123991706267,0.0
239,0.23923923923923923,5.212072585260095,1.0504024704844444,1.1110731938731107,0.0
240,0.24024024024024024,5.2074593951146175,1.051887548615087,1.1118384759241833,0.0
241,0.24124124124124124,5.20284797932689,1.053382375964147,1.1126082263670303,0.0
242,0.24224224224224225,5.198238366332135,1.0548869330331874,1.1133824262448382,0.0
243,0.24324324324324323,5.1936305845655735,1.0564012003237717,1.1141610566007938,0.0
244,0.24424424424424424,5.189024662462423,1.0579251583374623,1.1149440984780827,0.0
245,0.24524524524524524,5.184420628457908,1.0594587875758235,1.1157315329198925,0.0
246,0.24624624624624625,5.179818510987246,1.0610020685404178,1.1165233409694086,0.0
247,0.24724724724724725,5.175218338485658,1.0625549817328084,1.117319503669818,0.0
248,0.24824824824824826,5.170620139388366,1.0641175076545584,1.118120002064307,0.0
249,0.24924924924924924,5.166023942130588,1.0656896268072307,1.1189248171960613,0.0
250,0.2502502502502503,5.161429775147545,1.0672713196923895,1.1197339301082683,0.0
251,0.25125125125125125,5.15683766687446,1.068862566811597,1.1205473218441142,0.0
252,0.25225225225225223,5.15224764574655,1.0704633486664166,1.121364973446785,0.0
253,0.25325325325325326,5.147659740199037,1.072073645758412,1.1221868659594676,0.0
254,0.25425425425425424,5.143073978667137,1.0736934385891448,1.1230129804253475,0.0
255,0.2552552552552553,5.138490389586079,1.0753227076601803,1.1238432978876125,0.0
256,0.25625625625625625,5.1339090013910775,1.0769614334730802,1.124677799389448,0.0
257,0.25725725725725723,5.129329842517354,1.078609596529408,1.1255164659740406,0.0
258,0.25825825825825827,5.124752941400129,1.0802671773307275,1.126359278684577,0.0
259,0.25925925925925924,5.120178326474621,1.0819341563786007,1.127206218564243,0.0
260,0.2602602602602603,5.115606026176055,1.083610514174592,1.128057266656226,0.0
261,0.26126126126126126,5.111036068939647,1.0852962312202632,1.1289124040037117,0.0
262,0.26226226226226224,5.1064684832006195,1.0869912880171788,1.1297716116498864,0.0
263,0.26326326326326327,5.101903297394194,1.0886956650669013,1.1306348706379368,0.0
264,0.26426426426426425,5.097340539955587,1.0904093428709936,1.131502162011049,0.0
265,0.2652652652652653,5.092780239320021,1.0921323019310196,1.1323734668124104,0.0
266,0.26626626626626626,5.088222423922718,1.0938645227485417,1.1332487660852062,0.0
267,0.26726726726726724,5.0836671221988965,1.0956059858251237,1.1341280408726233,0.0
268,0.2682682682682683,5.079114362583777,1.0973566716623289,1.1350112722178483,0.0
269,0.26926926926926925,5.07456417351258,1.0991165607617193,1.1358984411640671,0.0
270,0.2702702702702703,5.070016583420526,1.1008856336248594,1.1367895287544665,0.0
271,0.27127127127127126,5.065471620742837,1.1026638707533116,1.1376845160322333,0.0
272,0.27227227227227224,5.060929313914731,1.104451252648639,1.138583384040553,0.0
273,0.2732732732732733,5.056389691371429,1.1062477598124056,1.1394861138226127,0.0
274,0.27427427427427425,5.051852781548151,1.1080533727461734,1.140392686421598,0.0
275,0.2752752752752753,5.047318612880119,1.1098680719515068,1.1413030828806967,0.0
276,0.27627627627627627,5.042787213802552,1.1116918379299676,1.142217284243094,0.0
277,0.2772772772772773,5.0382586127506706,1.1135246511831205,1.1431352715519765,0.0
278,0.2782782782782783,5.033732838159697,1.1153664922125275,1.1440570258505312,0.0
279,0.27927927927927926,5.029209918464847,1.1172173415197517,1.1449825281819437,0.0
280,0.2802802802802803,5.024689882101346,1.1190771796063574,1.1459117595894013,0.0
281,0.28128128128128127,5.020172757504412,1.1209459869739067,1.1468447011160898,0.0
282,0.2822822822822823,5.015658573109264,1.1228237441239632,1.1477813338051954,0.0
283,0.2832832832832833,5.0111473573511285,1.12471043155809,1.1487216386999053,0.0
284,0.28428428428428426,5.006639138665216,1.12660602977785,1.149665596843405,0.0
285,0.2852852852852853,5.002133945486757,1.128510519284807,1.150613189278882,0.0
286,0.2862862862862863,4.997631806250966,1.1304238805805236,1.151564397049522,0.0
287,0.2872872872872873,4.993132749393062,1.132346094166563,1.152519201198511,0.0
288,0.2882882882882883,4.988636803348271,1.1342771405444891,1.1534775827690364,0.0
289,0.28928928928928926,4.984143996551809,1.1362170002158636,1.1544395228042836,0.0
290,0.2902902902902903,4.979654357438898,1.1381656536822513,1.1554050023474405,0.0
291,0.2912912912912913,4.975167914444758,1.1401230814452141,1.1563740024416918,0.0
292,0.2922922922922923,4.970684696004608,1.142089264006316,1.1573465041302247,0.0
293,0.2932932932932933,4.966204730553675,1.14406418186712,1.1583224884562258,0.0
294,0.29429429429429427,4.961728046527169,1.1460478155291887,1.159301936462881,0.0
295,0.2952952952952953,4.9572546723603175,1.1480401454940858,1.1602848291933776,0.0
296,0.2962962962962963,4.95278463648834,1.1500411522633742,1.1612711476909008,0.0
297,0.2972972972972973,4.948317967346453,1.1520508163386174,1.1622608729986377,0.0
298,0.2982982982982983,4.943854693369883,1.1540691182213787,1.163253986159775,0.0
299,0.29929929929929927,4.939394842993845,1.1560960384132202,1.1642504682174981,0.0
300,0.3003003003003003,4.9349384446535645,1.1581315574157065,1.1652503002149948,1.0
301,0.3013013013013013,4.930485526784257,1.1601756557303995,1.1662534631954504,0.0
302,0.3023023023023023,4.926036117821144,1.1622283138588634,1.1672599382020514,0.0
303,0.3033033033033033,4.921590246199449,1.1642895123026606,1.168269706277985,0.0
304,0.30430430430430433,4.917147940354389,1.1663592315633546,1.1692827484664368,0.0
305,0.3053053053053053,4.9127092287211855,1.1684374521425085,1.1702990458105933,0.0
306,0.3063063063063063,4.9082741397350595,1.1705241545416856,1.1713185793536416,0.0
307,0.3073073073073073,4.90384270183123,1.1726193192624488,1.1723413301387673,0.0
308,0.3083083083083083,4.899414943444919,1.1747229268063617,1.1733672792091574,0.0
309,0.30930930930930933,4.894990893011345,1.1768349576749868,1.1743964076079978,0.0
310,0.3103103103103103,4.89057057896573,1.178955392369888,1.175428696378475,0.0
311,0.3113113113113113,4.8861540297432935,1.1810842113926276,1.1764641265637756,0.0
312,0.3123123123123123,4.881741273779255,1.1832213952447697,1.1775026792070862,0.0
313,0.3133133133133133,4.877332339508841,1.1853669244278773,1.1785443353515934,0.0
314,0.31431431431431434,4.872927255367261,1.187520779443513,1.1795890760404824,0.0
315,0.3153153153153153,4.868526049789745,1.1896829407932403,1.180636882316941,0.0
316,0.3163163163163163,4.864128751211509,1.1918533889786223,1.1816877352241546,0.0
317,0.3173173173173173,4.859735388067772,1.1940321045012219,1.18274161580531,0.0
318,0.3183183183183183,4.8553459887937604,1.1962190678626035,1.1837985051035942,0.0
319,0.31931931931931934,4.850960581824688,1.1984142595643286,1.1848583841621925,0.0
320,0.3203203203203203,4.846579195595779,1.200617660107961,1.1859212340242922,0.0
321,0.3213213213213213,4.842201858542252,1.2028292499950646,1.1869870357330792,0.0
322,0.32232232232232233,4.837828599099327,1.205049009727201,1.18805577033174,0.0
323,0.3233233233233233,4.833459445702228,1.2072769198059352,1.1891274188634613,0.0
324,0.32432432432432434,4.829094426786171,1.2095129607328292,1.190201962371429,0.0
325,0.3253253253253253,4.824733570786379,1.2117571130094462,1.19127938189883,0.0
326,0.3263263263263263,4.820376906138072,1.2140093571373498,1.1923596584888507,0.0
327,0.32732732732732733,4.816024461276468,1.216269673618103,1.193442773184677,0.0
328,0.3283283283283283,4.811676264636792,1.2185380429532688,1.194528707029496,0.0
329,0.32932932932932935,4.80733234465426,1.2208144456444108,1.195617441066494,0.0
330,0.3303303303303303,4.802992729764095,1.2230988621930914,1.1967089563388567,0.0
331,0.3313313313313313,4.798657448401516,1.2253912731008745,1.1978032338897708,0.0
332,0.33233233233233234,4.794326529001743,1.2276916588693225,1.198900254762423,0.0
333,0.3333333333333333,4.789999999999999,1.2300000000000002,1.2000000000000002,0.0
334,0.33433433433433435,4.7856778898315016,1.2323162769944687,1.2011024506456875,0.0
335,0.3353353353353353,4.781360226931473,1.2346404703542921,1.2022075877426726,0.0
336,0.3363363363363363,4.777047039735132,1.2369725605810338,1.2033153923341409,0.0
337,0.33733733733733734,4.772738356677699,1.2393125281762565,1.204425845463279,0.0
338,0.3383383383383383,4.7684342061943985,1.241660353641524,1.2055389281732745,0.0
339,0.33933933933933935,4.764134616720444,1.2440160174783985,1.2066546215073122,0.0
340,0.34034034034034033,4.759839616691062,1.2463795001884441,1.2077729065085792,0.0
341,0.34134134134134136,4.755549234541469,1.2487507822732236,1.208893764220262,0.0
342,0.34234234234234234,4.751263498706886,1.2511298442343,1.2100171756855467,0.0
343,0.3433433433433433,4.746982437622537,1.2535166665732367,1.2111431219476205,0.0
344,0.34434434434434436,4.742706079723637,1.2559112297915964,1.2122715840496685,0.0
345,0.34534534534534533,4.738434453445409,1.2583135143909432,1.213402543034878,0.0
346,0.34634634634634637,4.734167587223075,1.2607235008728397,1.2145359799464357,0.0
347,0.34734734734734735,4.729905509491851,1.2631411697388482,1.215671875827527,0.0
348,0.3483483483483483,4.725648248686963,1.2655665014905337,1.2168102117213393,0.0
349,0.34934934934934936,4.721395833243626,1.267999476629458,1.2179509686710581,0.0
350,0.35035035035035034,4.717148291597064,1.2704400756571843,1.2190941277198708,0.0
351,0.35135135135135137,4.712905652182496,1.272888279075277,1.220239669910963,0.0
352,0.35235235235235235,4.708667943435141,1.2753440673852976,1.2213875762875213,0.0
353,0.3533533533533533,4.704435193790224,1.2778074210888106,1.2225378278927326,0.0
354,0.35435435435435436,4.70020743168296,1.2802783206873785,1.2236904057697824,0.0
355,0.35535535535535534,4.695984685548573,1.2827567466825642,1.224845290961858,0.0
356,0.3563563563563564,4.691766983822282,1.2852426795759317,1.2260024645121457,0.0
357,0.35735735735735735,4.687554354939306,1.2877360998690435,1.227161907463831,0.0
358,0.35835835835835833,4.683346827334869,1.2902369880634632,1.2283236008601015,0.0
359,0.35935935935935936,4.679144429444188,1.2927453246607534,1.2294875257441429,0.0
360,0.36036036036036034,4.674947189702484,1.2952610901624777,1.2306536631591416,0.0
361,0.3613613613613614,4.6707551365449795,1.2977842650701996,1.2318219941482844,0.0
362,0.36236236236236236,4.666568298406892,1.3003148298854814,1.2329924997547572,0.0
363,0.36336336336336333,4.662386703723446,1.302852765109887,1.2341651610217477,0.0
364,0.36436436436436437,4.658210380929856,1.3053980512449792,1.2353399589924403,0.0
365,0.36536536536536535,4.654039358461347,1.307950668792321,1.2365168747100228,0.0
366,0.3663663663663664,4.649873664753138,1.3105105982534764,1.2376958892176815,0.0
367,0.36736736736736736,4.645713328240449,1.313077820130007,1.238876983558602,0.0
368,0.3683683683683684,4.641558377358501,1.315652314923478,1.2400601387759718,0.0
369,0.36936936936936937,4.637408840542514,1.318234063135451,1.2412453359129765,0.0
370,0.37037037037037035,4.633264746227709,1.3208230452674896,1.2424325560128031,0.0
371,0.3713713713713714,4.629126122849305,1.3234192418211572,1.2436217801186376,0.0
372,0.37237237237237236,4.624992998842522,1.3260226332980165,1.2448129892736661,0.0
373,0.3733733733733734,4.620865402642584,1.3286332001996313,1.246006164521076,0.0
374,0.3743743743743744,4.6167433626847085,1.3312509230275644,1.2472012869040527,0.0
375,0.37537537537537535,4.612626907404116,1.3338757822833789,1.2483983374657832,0.0
376,0.3763763763763764,4.608516065236028,1.3365077584686385,1.2495972972494542,0.0
377,0.37737737737737737,4.604410864615663,1.3391468320849051,1.250798147298251,0.0
378,0.3783783783783784,4.600311333978244,1.3417929836337434,1.2520008686553612,0.0
379,0.3793793793793794,4.596217501758988,1.3444461936167154,1.2532054423639702,0.0
380,0.38038038038038036,4.592129396393118,1.347106442535385,1.2544118494672654,0.0
381,0.3813813813813814,4.588047046315856,1.349773710891315,1.2556200710084326,0.0
382,0.38238238238238237,4.583970479962416,1.3524479791860682,1.256830088030658,0.0
383,0.3833833833833834,4.579899725768026,1.355129227921209,1.2580418815771288,0.0
384,0.3843843843843844,4.575834812167901,1.3578174375982994,1.2592554326910304,0.0
385,0.38538538538538536,4.571775767597265,1.3605125887189033,1.2604707224155502,0.0
386,0.3863863863863864,4.5677226204913355,1.363214661784583,1.2616877317938744,0.0
387,0.38738738738738737,4.563675399285332,1.3659236372969021,1.2629064418691884,0.0
388,0.3883883883883884,4.5596341324144785,1.3686394957574246,1.2641268336846798,0.0
389,0.3893893893893894,4.555598848313996,1.371362217667712,1.2653488882835346,0.0
390,0.39039039039039036,4.5515695754191,1.3740917835293291,1.2665725867089395,0.0
391,0.3913913913913914,4.547546342165014,1.3768281738438384,1.2677979100040806,0.0
392,0.3923923923923924,4.543529176986957,1.379571369112802,1.2690248392121435,0.0
393,0.3933933933933934,4.539518108320152,1.382321349837785,1.2702533553763165,0.0
394,0.3943943943943944,4.535513164599818,1.3850780965203493,1.2714834395397843,0.0
395,0.39539539539539537,4.5315143742611745,1.3878415896620586,1.2727150727457341,0.0
396,0.3963963963963964,4.527521765739443,1.390611809764476,1.2739482360373524,0.0
397,0.3973973973973974,4.52353536746984,1.393388737329164,1.275182910457825,0.0
398,0.3983983983983984,4.519555207887594,1.3961723528576866,1.2764190770503392,0.0
399,0.3993993993993994,4.515581315427918,1.3989626368516068,1.2776567168580806,0.0
400,0.40040040040040037,4.511613718526036,1.4017595698124876,1.2788958109242359,1.0
401,0.4014014014014014,4.507652445617167,1.404563132241892,1.2801363402919919,0.0
402,0.4024024024024024,4.5036975251365305,1.4073733046413832,1.2813782860045337,0.0
403,0.4034034034034034,4.499748985519349,1.410190067512525,1.2826216291050496,0.0
404,0.4044044044044044,4.4958068552008426,1.4130134013568798,1.2838663506367247,0.0
405,0.40540540540540543,4.4918711626162295,1.4158432866760111,1.2851124316427456,0.0
406,0.4064064064064064,4.487941936200735,1.4186797039714825,1.2863598531662994,0.0
407,0.4074074074074074,4.484019204389574,1.4215226337448557,1.2876085962505714,0.0
408,0.4084084084084084,4.480102995617969,1.4243720564976956,1.2888586419387493,0.0
409,0.4094094094094094,4.476193338321141,1.427227952731564,1.2901099712740183,0.0
410,0.41041041041041043,4.472290260934308,1.4300903029480254,1.2913625652995653,0.0
411,0.4114114114114114,4.468393791892695,1.432959087648642,1.2926164050585773,0.0
412,0.4124124124124124,4.464503959631518,1.435834287334977,1.2938714715942394,0.0
413,0.4134134134134134,4.460620792586001,1.4387158825085942,1.2951277459497392,0.0
414,0.4144144144144144,4.45674431919136,1.4416038536710558,1.2963852091682628,0.0
415,0.41541541541541543,4.452874567882818,1.4444981813239257,1.297643842292996,0.0
416,0.4164164164164164,4.449011567095597,1.4473988459687672,1.2989036263671263,0.0
417,0.4174174174174174,4.445155345264912,1.4503058281071424,1.3001645424338386,0.0
418,0.4184184184184184,4.44130593082599,1.453219108240616,1.301426571536321,0.0
419,0.4194194194194194,4.437463352214047,1.4561386668707499,1.3026896947177589,0.0
420,0.42042042042042044,4.433627637864306,1.4590644844991083,1.303953893021339,0.0
421,0.4214214214214214,4.429798816211986,1.4619965416272533,1.3052191474902477,0.0
422,0.4224224224224224,4.4259769156923054,1.4649348187567484,1.306485439167671,0.0
423,0.42342342342342343,4.422161964740488,1.4678792963891576,1.3077527490967962,0.0
424,0.4244244244244244,4.4183539917917525,1.4708299550260429,1.3090210583208086,0.0
425,0.42542542542542544,4.414553025281318,1.473786775168968,1.3102903478828953,0.0
426,0.4264264264264264,4.410759093644411,1.4767497373194964,1.3115605988262433,0.0
427,0.4274274274274274,4.4069722253162436,1.4797188219791901,1.3128317921940371,0.0
428,0.42842842842842843,4.4031924487320415,1.4826940096496137,1.3141039090294653,0.0
429,0.4294294294294294,4.399419792327022,1.4856752808323297,1.315376930375713,0.0
430,0.43043043043043044,4.395654284536408,1.4886626160289007,1.3166508372759669,0.0
431,0.4314314314314314,4.391895953795421,1.4916559957408917,1.3179256107734139,0.0
432,0.43243243243243246,4.388144828539277,1.4946554004698638,1.3192012319112394,0.0
433,0.43343343343343343,4.384400937203198,1.4976608107173808,1.3204776817326307,0.0
434,0.4344344344344344,4.380664308222406,1.500672206985006,1.3217549412807734,0.0
435,0.43543543543543545,4.376934970032119,1.5036895697743027,1.3230329915988546,0.0
436,0.4364364364364364,4.373212951067562,1.5067128795868343,1.324311813730061,0.0
437,0.43743743743743746,4.36949827976395,1.5097421169241638,1.3255913887175783,0.0
438,0.43843843843843844,4.365790984556506,1.512777262287854,1.326871697604593,0.0
439,0.4394394394394394,4.3620910938804505,1.515818296179468,1.3281527214342914,0.0
440,0.44044044044044045,4.358398636171001,1.5188651991005693,1.3294344412498602,0.0
441,0.44144144144144143,4.354713639863384,1.5219179515527215,1.3307168380944865,0.0
442,0.44244244244244246,4.351036133392814,1.5249765340374868,1.331999893011355,0.0
443,0.44344344344344344,4.347366145194513,1.5280409270564288,1.3332835870436537,0.0
444,0.4444444444444444,4.343703703703703,1.5311111111111109,1.3345679012345677,0.0
445,0.44544544544544545,4.340048837355602,1.5341870667030961,1.3358528166272847,0.0
446,0.44644644644644643,4.336401574585434,1.5372687743339477,1.3371383142649909,0.0
447,0.44744744744744747,4.332761943828415,1.5403562145052283,1.3384243751908715,0.0
448,0.44844844844844844,4.329129973519768,1.5434493677185017,1.339710980448114,0.0
449,0.4494494494494494,4.325505692094713,1.5465482144753306,1.3409981110799045,0.0
450,0.45045045045045046,4.321889127988469,1.5496527352772782,1.3422857481294295,0.0
451,0.45145145145145144,4.31828030963626,1.5527629106259087,1.343573872639876,0.0
452,0.45245245245245247,4.314679265473303,1.5558787210227838,1.3448624656544292,0.0
453,0.45345345345345345,4.311086023934818,1.5590001469694674,1.3461515082162756,0.0
454,0.4544544544544544,4.307500613456027,1.5621271689675225,1.3474409813686028,0.0
455,0.45545545545545546,4.30392306247215,1.5652597675185125,1.3487308661545963,0.0
456,0.45645645645645644,4.300353399418411,1.5683979231240004,1.350021143617443,0.0
457,0.4574574574574575,4.296791652730023,1.5715416162855491,1.3513117948003286,0.0
458,0.45845845845845845,4.29323785084221,1.5746908275047222,1.35260280074644,0.0
459,0.45945945945945943,4.289692022190196,1.5778455372830826,1.3538941424989637,0.0
460,0.46046046046046046,4.286154195209194,1.5810057261221937,1.3551858011010858,0.0
461,0.46146146146146144,4.282624398334432,1.5841713745236186,1.3564777575959934,0.0
462,0.4624624624624625,4.279102660001125,1.5873424629889201,1.3577699930268716,0.0
463,0.46346346346346345,4.275589008644496,1.5905189720196617,1.359062488436908,0.0
464,0.46446446446446443,4.272083472699764,1.5937008821174066,1.3603552248692885,0.0
465,0.46546546546546547,4.268586080602149,1.5968881737837177,1.3616481833671996,0.0
466,0.46646646646646645,4.265096860786875,1.6000808275201586,1.3629413449738281,0.0
467,0.4674674674674675,4.261615841689157,1.6032788238282922,1.3642346907323597,0.0
468,0.46846846846846846,4.258143051744219,1.6064821432096814,1.365528201685981,0.0
469,0.4694694694694695,4.254678519387282,1.6096907661658901,1.3668218588778793,0.0
470,0.47047047047047047,4.251222273053562,1.61290467319848,1.3681156433512394,0.0
471,0.47147147147147145,4.247774341178286,1.6161238448090165,1.3694095361492493,0.0
472,0.4724724724724725,4.244334752196668,1.6193482614990609,1.370703518315094,0.0
473,0.47347347347347346,4.24090353454393,1.622577903770177,1.371997570891961,0.0
474,0.4744744744744745,4.237480716655297,1.6258127521239283,1.3732916749230364,0.0
475,0.4754754754754755,4.234066326965982,1.6290527870618767,1.374585811451506,0.0
476,0.47647647647647645,4.230660393911212,1.6322979890855875,1.3758799615205575,0.0
477,0.4774774774774775,4.227262945926203,1.635548338696622,1.377174106173376,0.0
478,0.47847847847847846,4.223874011446178,1.638803816396544,1.3784682264531485,0.0
479,0.4794794794794795,4.220493618906357,1.6420644026869171,1.3797623034030617,0.0
480,0.4804804804804805,4.217121796741955,1.6453300780693034,1.381056318066301,0.0
481,0.48148148148148145,4.213758573388203,1.6486008230452673,1.3823502514860544,0.0
482,0.4824824824824825,4.210403977280312,1.6518766181163713,1.383644084705507,0.0
483,0.48348348348348347,4.207058036853508,1.6551574437841785,1.3849377987678453,0.0
484,0.4844844844844845,4.203720780543009,1.6584432805502525,1.3862313747162565,0.0
485,0.4854854854854855,4.200392236784032,1.6617341089161555,1.3875247935939259,0.0
486,0.48648648648648646,4.197072434011806,1.665029909383452,1.3888180364440412,0.0
487,0.4874874874874875,4.193761400661543,1.6683306624537044,1.3901110843097877,0.0
488,0.48848848848848847,4.190459165168469,1.6716363486284755,1.3914039182343525,0.0
489,0.4894894894894895,4.187165755967801,1.6749469484093298,1.392696519260922,0.0
490,0.4904904904904905,4.18388120149476,1.6782624422978287,1.3939888684326818,0.0
491,0.49149149149149146,4.180605530184568,1.681582810795537,1.3952809467928196,0.0
492,0.4924924924924925,4.177338770472444,1.6849080344040168,1.3965727353845205,0.0
493,0.4934934934934935,4.174080950793609,1.6882380936248313,1.3978642152509717,0.0
494,0.4944944944944945,4.170832099583283,1.691572968959545,1.3991553674353594,0.0
495,0.4954954954954955,4.167592245276685,1.6949126409097188,1.4004461729808697,0.0
496,0.4964964964964965,4.164361416309038,1.6982570899769178,1.40173661293069,0.0
497,0.4974974974974975,4.161139641115562,1.7016062966627044,1.4030266683280057,0.0
498,0.4984984984984985,4.157926948131476,1.7049602414686416,1.4043163202160038,0.0
499,0.4994994994994995,4.154723365792002,1.7083189048962932,1.4056055496378708,0.0
500,0.5005005005005005,4.151528922532358,1.7116822674472214,1.4068943376367922,1.0
501,0.5015015015015015,4.148343646787766,1.71505030962299,1.408182665255955,0.0
502,0.5025025025025025,4.145167566993447,1.7184230119251627,1.4094705135385457,0.0
503,0.5035035035035035,4.14200071158462,1.7218003548553014,1.410757863527751,0.0
504,0.5045045045045045,4.138843108996505,1.72518231891497,1.4120446962667563,0.0
505,0.5055055055055055,4.135694787664324,1.7285688846057323,1.4133309927987492,0.0
506,0.5065065065065065,4.132555776023296,1.7319600324291502,1.4146167341669154,0.0
507,0.5075075075075075,4.129426102508644,1.7353557428867874,1.4159019014144412,0.0
508,0.5085085085085085,4.126305795555585,1.7387559964802068,1.4171864755845136,0.0
509,0.5095095095095095,4.123194883599341,1.7421607737109719,1.4184704377203186,0.0
510,0.5105105105105106,4.120093395075133,1.7455700550806468,1.4197537688650426,0.0
511,0.5115115115115115,4.117001358418181,1.7489838210907929,1.4210364500618722,0.0
512,0.5125125125125125,4.113918802063703,1.7524020522429742,1.4223184623539937,0.0
513,0.5135135135135135,4.110845754446922,1.7558247290387539,1.4235997867845933,0.0
514,0.5145145145145145,4.107782244003059,1.7592518319796946,1.4248804043968581,0.0
515,0.5155155155155156,4.104728299167332,1.7626833415673604,1.4261602962339737,0.0
516,0.5165165165165165,4.101683948374963,1.7661192383033142,1.4274394433391273,0.0
517,0.5175175175175175,4.098649220061173,1.7695595026891189,1.4287178267555043,0.0
518,0.5185185185185185,4.095624142661179,1.7730041152263372,1.429995427526292,0.0
519,0.5195195195195195,4.092608744610205,1.776453056416533,1.4312722266946765,0.0
520,0.5205205205205206,4.08960305434347,1.7799063067612697,1.432548205303844,0.0
521,0.5215215215215215,4.086607100296194,1.7833638467621098,1.4338233443969814,0.0
522,0.5225225225225225,4.083620910903598,1.7868256569206165,1.4350976250172747,0.0
523,0.5235235235235235,4.080644514600903,1.7902917177383533,1.4363710282079105,0.0
524,0.5245245245245245,4.077677939823328,1.7937620097168832,1.4376435350120749,0.0
525,0.5255255255255256,4.074721215006093,1.7972365133577697,1.4389151264729547,0.0
526,0.5265265265265265,4.071774368584421,1.800715209162575,1.4401857836337362,0.0
527,0.5275275275275275,4.068837428993531,1.8041980776328637,1.4414554875376058,0.0
528,0.5285285285285285,4.065910424668642,1.8076850992701978,1.44272421922775,0.0
529,0.5295295295295295,4.062993384044976,1.8111762545761407,1.443991959747355,0.0
530,0.5305305305305306,4.060086335557752,1.8146715240522562,1.4452586901396074,0.0
531,0.5315315315315315,4.057189307642192,1.8181708882001062,1.446524391447693,0.0
532,0.5325325325325325,4.054302328733516,1.8216743275212552,1.4477890447147996,0.0
533,0.5335335335335335,4.051425427266944,1.825181822517266,1.4490526309841125,0.0
534,0.5345345345345345,4.048558631677696,1.8286933536897008,1.4503151312988178,0.0
535,0.5355355355355356,4.0457019704009936,1.8322089015401244,1.451576526702103,0.0
536,0.5365365365365365,4.0428554718720555,1.8357284465700987,1.452836798237154,0.0
537,0.5375375375375375,4.040019164526104,1.8392519692811875,1.454095926947157,0.0
538,0.5385385385385385,4.037193076798357,1.8427794501749537,1.4553538938752986,0.0
539,0.5395395395395395,4.034377237124037,1.8463108697529602,1.456610680064765,0.0
540,0.5405405405405406,4.031571673938364,1.8498462085167708,1.4578662665587432,0.0
541,0.5415415415415415,4.028776415676558,1.8533854469679483,1.4591206344004188,0.0
542,0.5425425425425425,4.0259914907738406,1.8569285656080556,1.460373764632979,0.0
543,0.5435435435435435,4.02321692766543,1.8604755449386565,1.46162563829961,0.0
544,0.5445445445445445,4.020452754786548,1.8640263654613134,1.4628762364434977,0.0
545,0.5455455455455456,4.017699000572414,1.8675810076775905,1.464125540107829,0.0
546,0.5465465465465466,4.0149556934582495,1.8711394520890503,1.4653735303357904,0.0
547,0.5475475475475475,4.012222861879275,1.8747016791972557,1.4666201881705678,0.0
548,0.5485485485485485,4.0095005342707095,1.87826766950377,1.4678654946553475,0.0
549,0.5495495495495496,4.006788739067773,1.8818374035101573,1.4691094308333172,0.0
550,0.5505505505505506,4.00408750470569,1.8854108617179794,1.470351977747662,0.0
551,0.5515515515515516,4.0013968596196765,1.8889880246288002,1.4715931164415685,0.0
552,0.5525525525525525,3.9987168322449542,1.892568872744183,1.4728328279582241,0.0
553,0.5535535535535535,3.996047451016744,1.8961533865656905,1.474071093340814,0.0
554,0.5545545545545546,3.993388744370266,1.8997415465948861,1.4753078936325248,0.0
555,0.5555555555555556,3.99074074074074,1.9033333333333333,1.4765432098765436,0.0
556,0.5565565565565566,3.988103468563387,1.9069287272825943,1.477777023116056,0.0
557,0.5575575575575575,3.985476956273428,1.9105277089442334,1.479009314394249,0.0
558,0.5585585585585585,3.982861232306082,1.9141302588198128,1.480240064754309,0.0
559,0.5595595595595596,3.9802563250965703,1.9177363574108968,1.4814692552394222,0.0
560,0.5605605605605606,3.977662263080113,1.9213459852190475,1.4826968668927747,0.0
561,0.5615615615615616,3.97507907469193,1.924959122745828,1.4839228807575537,0.0
562,0.5625625625625625,3.972506788367243,1.928575750492802,1.4851472778769446,0.0
563,0.5635635635635635,3.969945432541271,1.9321958489615332,1.4863700392941348,0.0
564,0.5645645645645646,3.9673950356492353,1.9358193986535843,1.4875911460523104,0.0
565,0.5655655655655656,3.9648556261263557,1.9394463800705175,1.4888105791946573,0.0
566,0.5665665665665666,3.9623272324078536,1.9430767737138974,1.4900283197643625,0.0
567,0.5675675675675675,3.9598098829289476,1.9467105600852859,1.491244348804612,0.0
568,0.5685685685685685,3.957303606124859,1.9503477196862469,1.4924586473585928,0.0
569,0.5695695695695696,3.954808430430809,1.953988233018344,1.4936711964694906,0.0
570,0.5705705705705706,3.952324384282017,1.9576320805831395,1.4948819771804922,0.0
571,0.5715715715715716,3.9498514961137032,1.9612792428821968,1.496090970534784,0.0
572,0.5725725725725725,3.9473897943610896,1.9649297004170792,1.4972981575755524,0.0
573,0.5735735735735735,3.944939307459394,1.96858343368935,1.4985035193459835,0.0
574,0.5745745745745746,3.9425000638438394,1.9722404232005724,1.4997070368892644,0.0
575,0.5755755755755756,3.9400720919496446,1.975900649452309,1.5009086912485812,0.0
576,0.5765765765765766,3.93765542021203,1.9795640929461233,1.5021084634671196,0.0
577,0.5775775775775776,3.9352500770662173,1.9832307341835784,1.5033063345880668,0.0
578,0.5785785785785785,3.9328560909474253,1.9869005536662379,1.5045022856546093,0.0
579,0.5795795795795796,3.9304734902908747,1.9905735318956648,1.5056962977099333,0.0
580,0.5805805805805806,3.9281023035317864,1.9942496493734216,1.506888351797225,0.0
581,0.5815815815815816,3.925742559105381,1.9979288866010718,1.508078428959671,0.0
582,0.5825825825825826,3.9233942854468777,2.001611224080179,1.5092665102404574,0.0
583,0.5835835835835835,3.9210575109914982,2.005296642312306,1.510452576682771,0.0
584,0.5845845845845846,3.9187322641744626,2.008985121799017,1.5116366093297986,0.0
585,0.5855855855855856,3.916418573430991,2.012676643041873,1.5128185892247255,0.0
586,0.5865865865865866,3.9141164671963034,2.0163711865424387,1.513998497410739,0.0
587,0.5875875875875876,3.9118259739056205,2.020068732802277,1.5151763149310251,0.0
588,0.5885885885885885,3.909547121994163,2.0237692623229506,1.5163520228287701,0.0
589,0.5895895895895896,3.907279939897151,2.027472755606024,1.517525602147161,0.0
590,0.5905905905905906,3.905024456049805,2.0311791931530587,1.5186970339293837,0.0
591,0.5915915915915916,3.9027806988873457,2.034888555465619,1.519866299218625,0.0
592,0.5925925925925926,3.9005486968449925,2.0386008230452672,1.5210333790580706,0.0
593,0.5935935935935935,3.8983284783579673,2.042315976393567,1.5221982544909078,0.0
594,0.5945945945945946,3.8961200718614886,2.046033996012082,1.5233609065603226,0.0
595,0.5955955955955956,3.893923505790778,2.0497548624023745,1.5245213163095013,0.0
596,0.5965965965965966,3.8917388085810556,2.053478556066008,1.5256794647816303,0.0
597,0.5975975975975976,3.8895660086675425,2.0572050575045457,1.5268353330198963,0.0
598,0.5985985985985985,3.8874051344854577,2.060934347219551,1.5279889020674853,0.0
599,0.5995995995995996,3.8852562144700222,2.064666405712587,1.5291401529675845,0.0
600,0.6006006006006006,3.883119277056457,2.0684012134852163,1.5302890667633793,1.0
601,0.6016016016016016,3.8809943506799813,2.0721387510390024,1.5314356244980567,0.0
602,0.6026026026026026,3.8788814637758176,2.075878998875509,1.532579807214803,0.0
603,0.6036036036036035,3.8767806447791835,2.079621937496298,1.5337215959568045,0.0
604,0.6046046046046046,3.874691922125301,2.083367547402934,1.534860971767248,0.0
605,0.6056056056056056,3.87261532424939,2.0871158090969795,1.5359979156893193,0.0
606,0.6066066066066066,3.8705508795866717,2.0908667030799974,1.537132408766205,0.0
607,0.6076076076076076,3.868498616572366,2.0946202098535514,1.538264432041092,0.0
608,0.6086086086086087,3.8664585636416926,2.098376309919204,1.5393939665571663,0.0
609,0.6096096096096096,3.8644307492298724,2.102134983778519,1.5405209933576143,0.0
610,0.6106106106106106,3.8624152017721256,2.105896211933059,1.5416454934856223,0.0
611,0.6116116116116116,3.8604119497036735,2.109659974884388,1.542767447984377,0.0
612,0.6126126126126126,3.858421021459736,2.113426253134069,1.5438868378970645,0.0
613,0.6136136136136137,3.8564424454755315,2.117195027183664,1.5450036442668718,0.0
614,0.6146146146146146,3.854476250186284,2.120966277534738,1.5461178481369848,0.0
615,0.6156156156156156,3.8525224640272118,2.124739984688852,1.54722943055059,0.0
616,0.6166166166166166,3.850581115433535,2.128516129147571,1.5483383725508737,0.0
617,0.6176176176176176,3.8486522328404744,2.1322946914124574,1.5494446551810226,0.0
618,0.6186186186186187,3.846735844683251,2.1360756519850748,1.5505482594842228,0.0
619,0.6196196196196196,3.8448319793970844,2.1398589913669857,1.551649166503661,0.0
620,0.6206206206206206,3.8429406654171956,2.1436446900597534,1.5527473572825234,0.0
621,0.6216216216216216,3.8410619311788046,2.1474327285649415,1.5538428128639965,0.0
622,0.6226226226226226,3.8391958051171318,2.151223087384113,1.5549355142912669,0.0
623,0.6236236236236237,3.8373423156673967,2.155015747018831,1.5560254426075204,0.0
624,0.6246246246246246,3.8355014912648215,2.1588106879706586,1.5571125788559441,0.0
625,0.6256256256256256,3.8336733603446254,2.1626078907411586,1.558196904079724,0.0
626,0.6266266266266266,3.8318579513420294,2.166407335831895,1.559278399322047,0.0
627,0.6276276276276276,3.8300552926922533,2.1702090037444304,1.5603570456260987,0.0
628,0.6286286286286287,3.828265412830518,2.174012874980329,1.5614328240350663,0.0
629,0.6296296296296297,3.8264883401920438,2.177818930041152,1.562505715592136,0.0
630,0.6306306306306306,3.8247241032120503,2.181627149428464,1.5635757013404938,0.0
631,0.6316316316316316,3.822972730325759,2.185437513643828,1.5646427623233263,0.0
632,0.6326326326326326,3.821234249968389,2.1892500031888065,1.56570687958382,0.0
633,0.6336336336336337,3.819508690575162,2.193064598564964,1.5667680341651615,0.0
634,0.6346346346346347,3.8177960805812976,2.1968812802738618,1.5678262071105369,0.0
635,0.6356356356356356,3.816096448422017,2.2007000288170646,1.5688813794631327,0.0
636,0.6366366366366366,3.8144098225325394,2.2045208246961345,1.5699335322661356,0.0
637,0.6376376376376376,3.812736231348086,2.208343648412636,1.5709826465627315,0.0
638,0.6386386386386387,3.811075703303877,2.212168480468131,1.5720287033961073,0.0
639,0.6396396396396397,3.8094282668351322,2.2159953013641838,1.573071683809449,0.0
640,0.6406406406406406,3.807793950377074,2.2198240916023564,1.5741115688459433,0.0
641,0.6416416416416416,3.8061727823649196,2.223654831684212,1.5751483395487764,0.0
642,0.6426426426426426,3.8045647912338927,2.2274875021113147,1.5761819769611347,0.0
643,0.6436436436436437,3.802970005419211,2.231322083385227,1.5772124621262051,0.0
644,0.6446446446446447,3.801388453356096,2.235158556007513,1.5782397760871734,0.0
645,0.6456456456456456,3.799820163479769,2.238996900479734,1.5792638998872266,0.0
646,0.6466466466466466,3.798265164225448,2.2428370973034553,1.5802848145695503,0.0
647,0.6476476476476476,3.796723484028356,2.2466791269802386,1.5813025011773312,0.0
648,0.6486486486486487,3.795195151323712,2.250522970011648,1.5823169407537565,0.0
649,0.6496496496496497,3.793680194546736,2.2543686068992455,1.5833281143420115,0.0
650,0.6506506506506506,3.79217864213265,2.258216018144595,1.5843360029852835,0.0
651,0.6516516516516516,3.7906905225166727,2.26206518424926,1.5853405877267581,0.0
652,0.6526526526526526,3.7892158641340252,2.265916085714803,1.5863418496096224,0.0
653,0.6536536536536537,3.7877546954199284,2.269768703042788,1.5873397696770624,0.0
654,0.6546546546546547,3.7863070448096012,2.273623016734777,1.5883343289722645,0.0
655,0.6556556556556556,3.784872940738265,2.277479007292334,1.5893255085384155,0.0
656,0.6566566566566566,3.7834524116411403,2.2813366552170216,1.5903132894187015,0.0
657,0.6576576576576576,3.7820454859534482,2.2851959410104037,1.5912976526563094,0.0
658,0.6586586586586587,3.7806521921104066,2.289056845174043,1.5922785792944243,0.0
659,0.6596596596596597,3.7792725585472375,2.292919348209503,1.593256050376234,0.0
660,0.6606606606606606,3.7779066136991624,2.296783430618346,1.5942300469449242,0.0
661,0.6616616616616616,3.7765543860014006,2.3006490729021363,1.5952005500436819,0.0
662,0.6626626626626626,3.7752159038891717,2.304516255562436,1.5961675407156928,0.0
663,0.6636636636636637,3.7738911957976966,2.3083849591008097,1.5971310000041439,0.0
664,0.6646646646646647,3.772580290162196,2.3122551640188194,1.598090908952221,0.0
665,0.6656656656656657,3.77128321541789,2.316126850818028,1.599047248603111,0.0
666,0.6666666666666666,3.7699999999999996,2.32,1.6000000000000005,0.0
667,0.6676676676676676,3.768730672343745,2.323874592066297,1.600949144186075,0.0
668,0.6686686686686687,3.7674752608843454,2.3277506075184835,1.601894662204522,0.0
669,0.6696696696696697,3.7662337940570225,2.3316280268581213,1.6028365350985272,0.0
670,0.6706706706706707,3.7650063002969962,2.335506830586775,1.6037747439112775,0.0
671,0.6716716716716716,3.763792808039487,2.339386999206007,1.6047092696859584,0.0
672,0.6726726726726726,3.762593345719715,2.3432685132173807,1.6056400934657575,0.0
673,0.6736736736736737,3.7614079417729007,2.3471513531224595,1.6065671962938604,0.0
674,0.6746746746746747,3.760236624634265,2.3510354994228058,1.6074905592134539,0.0
675,0.6756756756756757,3.7590794227390276,2.354920932619983,1.6084101632677237,0.0
676,0.6766766766766766,3.757936364522409,2.3588076332155543,1.6093259894998573,0.0
677,0.6776776776776777,3.7568074784196304,2.3626955817110833,1.6102380189530408,0.0
678,0.6786786786786787,3.755692792865912,2.366584758608133,1.61114623267046,0.0
679,0.6796796796796797,3.754592336296473,2.3704751444082666,1.612050611695302,0.0
680,0.6806806806806807,3.753506137146534,2.3743667196130467,1.6129511370707528,0.0
681,0.6816816816816816,3.7524342238513166,2.378259464724037,1.6138477898399985,0.0
682,0.6826826826826827,3.75137662484604,2.3821533602428007,1.6147405510462267,0.0
683,0.6836836836836837,3.7503333685659253,2.386048386670901,1.6156294017326227,0.0
684,0.6846846846846847,3.7493044834461924,2.3899445245099002,1.616514322942373,0.0
685,0.6856856856856857,3.7482899979220616,2.3938417542613624,1.6173952957186644,0.0
686,0.6866866866866866,3.7472899404287547,2.3977400564268514,1.6182723011046836,0.0
687,0.6876876876876877,3.7463043394014903,2.4016394115079285,1.6191453201436163,0.0
688,0.6886886886886887,3.7453332232754892,2.4055398000061583,1.620014333878649,0.0
689,0.6896896896896897,3.7443766204859728,2.409441202423103,1.6208793233529686,0.0
690,0.6906906906906907,3.7434345594681604,2.413343599260326,1.6217402696097611,0.0
691,0.6916916916916916,3.7425070686572726,2.417246971019392,1.6225971536922132,0.0
692,0.6926926926926927,3.7415941764885297,2.421151298201862,1.6234499566435108,0.0
693,0.6936936936936937,3.740695911397153,2.4250565613093005,1.6242986595068412,0.0
694,0.6946946946946947,3.739812301818362,2.4289627408432697,1.62514324332539,0.0
695,0.6956956956956957,3.738943376187377,2.432869817305334,1.6259836891423436,0.0
696,0.6966966966966966,3.738089162939418,2.436777771197055,1.626819978000889,0.0
697,0.6976976976976977,3.7372496905097066,2.440686583019997,1.6276520909442123,0.0
698,0.6986986986986987,3.7364249873334625,2.4445962332757234,1.6284800090154998,0.0
699,0.6996996996996997,3.735615081845907,2.4485067024657967,1.6293037132579382,0.0
700,0.7007007007007007,3.7348200024822593,2.45241797109178,1.6301231847147137,1.0
701,0.7017017017017017,3.734039777677739,2.456330019655236,1.6309384044290127,0.0
702,0.7027027027027027,3.7332744358675694,2.46024282865773,1.6317493534440217,0.0
703,0.7037037037037037,3.732524005486968,2.464156378600823,1.6325560128029268,0.0
704,0.7047047047047047,3.7317885149711563,2.4680706499860783,1.6333583635489148,0.0
705,0.7057057057057057,3.7310679927553556,2.4719856233150606,1.6341563867251723,0.0
706,0.7067067067067067,3.7303624672747846,2.4759012790893316,1.634950063374885,0.0
707,0.7077077077077077,3.7296719669646645,2.479817597810455,1.6357393745412399,0.0
708,0.7087087087087087,3.7289965202602158,2.483734559979994,1.636524301267423,0.0
709,0.7097097097097097,3.7283361555966588,2.4876521460995122,1.6373048245966215,0.0
710,0.7107107107107107,3.727690901409214,2.4915703366705717,1.6380809255720208,0.0
711,0.7117117117117117,3.727060786133101,2.4954891121947362,1.6388525852368079,0.0
712,0.7127127127127127,3.7264458382035412,2.4994084531735696,1.639619784634169,0.0
713,0.7137137137137137,3.725846086055755,2.503328340108634,1.6403825048072904,0.0
714,0.7147147147147147,3.725261558124962,2.507248753501493,1.641140726799359,0.0
715,0.7157157157157157,3.724692282846383,2.5111696738537086,1.6418944316535606,0.0
716,0.7167167167167167,3.724138288655238,2.5150910816668457,1.642643600413082,0.0
717,0.7177177177177178,3.7235996039867474,2.5190129574424676,1.6433882141211096,0.0
718,0.7187187187187187,3.7230762572761327,2.5229352816821367,1.64412825382083,0.0
719,0.7197197197197197,3.7225682769586133,2.5268580348874154,1.6448637005554287,0.0
720,0.7207207207207207,3.722075691469409,2.5307811975598677,1.645594535368093,0.0
721,0.7217217217217217,3.721598529243742,2.534704750201057,1.6463207393020092,0.0
722,0.7227227227227228,3.7211368187168308,2.5386286733125463,1.6470422934003637,0.0
723,0.7237237237237237,3.7206905883238974,2.5425529473958983,1.6477591787063426,0.0
724,0.7247247247247247,3.720259866500161,2.546477552952677,1.648471376263133,0.0
725,0.7257257257257257,3.7198446816808417,2.550402470484444,1.6491788671139198,0.0
726,0.7267267267267267,3.719445062301161,2.5543276804927637,1.6498816323018908,0.0
727,0.7277277277277278,3.7190610367963393,2.5582531634792,1.6505796528702321,0.0
728,0.7287287287287287,3.718692633601597,2.562178899945315,1.6512729098621304,0.0
729,0.7297297297297297,3.7183398811521524,2.566104870392671,1.6519613843207712,0.0
730,0.7307307307307307,3.718002807883229,2.5700310553228336,1.6526450572893419,0.0
731,0.7317317317317317,3.717681442230045,2.5739574352373635,1.6533239098110282,0.0
732,0.7327327327327328,3.717375812627821,2.5778839906378255,1.6539979229290167,0.0
733,0.7337337337337337,3.7170859475117783,2.5818107020257814,1.654667077686494,0.0
734,0.7347347347347347,3.7168118753171373,2.585737549902796,1.6553313551266464,0.0
735,0.7357357357357357,3.7165536244791175,2.5896645147704316,1.6559907362926605,0.0
736,0.7367367367367368,3.7163112234329394,2.5935915771302507,1.6566452022277223,0.0
737,0.7377377377377378,3.7160847006138242,2.5975187174838177,1.6572947339750184,0.0
738,0.7387387387387387,3.7158740844569915,2.601445916332695,1.6579393125777353,0.0
739,0.7397397397397397,3.7156794033976626,2.6053731541784453,1.6585789190790594,0.0
740,0.7407407407407407,3.715500685871056,2.6093004115226335,1.659213534522177,0.0
741,0.7417417417417418,3.715337960312394,2.6132276688668217,1.6598431399502747,0.0
742,0.7427427427427428,3.7151912551568964,2.6171549067125723,1.6604677164065387,0.0
743,0.7437437437437437,3.7150605988397833,2.6210821055614497,1.6610872449341554,0.0
744,0.7447447447447447,3.714946019796275,2.6250092459150163,1.6617017065763113,0.0
745,0.7457457457457457,3.714847546461593,2.6289363082748354,1.662311082376193,0.0
746,0.7467467467467468,3.714765207270956,2.632863273142471,1.6629153533769867,0.0
747,0.7477477477477478,3.7146990306595855,2.6367901210194855,1.6635145006218788,0.0
748,0.7487487487487487,3.7146490450627017,2.640716832407442,1.6641085051540556,0.0
749,0.7497497497497497,3.7146152789155247,2.6446433878079034,1.664697348016704,0.0
750,0.7507507507507507,3.714597760653276,2.6485697677224334,1.6652810102530098,0.0
751,0.7517517517517518,3.714596518711173,2.6524959526525955,1.6658594729061595,0.0
752,0.7527527527527528,3.71461158152444,2.6564219230999524,1.6664327170193403,0.0
753,0.7537537537537538,3.714642977528295,2.660347659566067,1.6670007236357374,0.0
754,0.7547547547547547,3.7146907351579594,2.664273142552503,1.6675634737985383,0.0
755,0.7557557557557557,3.714754882848652,2.6681983525608226,1.6681209485509285,0.0
756,0.7567567567567568,3.714835449035595,2.6721232700925905,1.668673128936095,0.0
757,0.7577577577577578,3.714932462154008,2.676047875649369,1.6692199959972243,0.0
758,0.7587587587587588,3.7150459506391114,2.6799721497327207,1.6697615307775022,0.0
759,0.7597597597597597,3.715175942926126,2.68389607284421,1.6702977143201156,0.0
760,0.7607607607607607,3.715322467450271,2.6878196254853988,1.6708285276682506,0.0
761,0.7617617617617618,3.7154855526467676,2.6917427881578515,1.6713539518650942,0.0
762,0.7627627627627628,3.7156652269508372,2.6956655413631307,1.6718739679538324,0.0
763,0.7637637637637638,3.7158615187976984,2.6995878656027994,1.6723885569776513,0.0
764,0.7647647647647647,3.7160744566225716,2.7035097413784204,1.6728976999797374,0.0
765,0.7657657657657657,3.7163040688606794,2.707431149191558,1.6734013780032777,0.0
766,0.7667667667667668,3.71655038394724,2.711352069543775,1.6738995720914582,0.0
767,0.7677677677677678,3.7168134303174742,2.7152724829366335,1.6743922632874653,0.0
768,0.7687687687687688,3.717093236406604,2.7191923698716973,1.6748794326344856,0.0
769,0.7697697697697697,3.7173898306498474,2.7231117108505307,1.6753610611757053,0.0
770,0.7707707707707707,3.7177032414824254,2.727030486374695,1.6758371299543104,0.0
771,0.7717717717717718,3.71803349733956,2.730948676945755,1.6763076200134885,0.0
772,0.7727727727727728,3.7183806266564696,2.7348662630652725,1.676772512396425,0.0
773,0.7737737737737738,3.7187446578683767,2.738783225234812,1.6772317881463068,0.0
774,0.7747747747747747,3.719125619410499,2.742699543955935,1.67768542830632,0.0
775,0.7757757757757757,3.7195235397180584,2.746615199730206,1.6781334139196513,0.0
776,0.7767767767767768,3.7199384472262755,2.7505301730591887,1.6785757260294867,0.0
777,0.7777777777777778,3.7203703703703708,2.7544444444444443,1.679012345679013,0.0
778,0.7787787787787788,3.7208193375855636,2.7583579943875374,1.6794432539114164,0.0
779,0.7797797797797797,3.7212853773070744,2.76227080339003,1.6798684317698833,0.0
780,0.7807807807807807,3.721768517970125,2.766182851953487,1.6802878602976001,0.0
781,0.7817817817817818,3.7222687880099343,2.7700941205794707,1.6807015205377538,0.0
782,0.7827827827827828,3.7227862158617238,2.774004589769544,1.68110939353353,0.0
783,0.7837837837837838,3.7233208299607132,2.77791424002527,1.6815114603281154,0.0
784,0.7847847847847848,3.7238726587421223,2.781823051848211,1.6819077019646964,0.0
785,0.7857857857857857,3.7244417306411735,2.785731005739933,1.6822980994864598,0.0
786,0.7867867867867868,3.725028074093085,2.7896380822019973,1.682682633936591,0.0
787,0.7877877877877878,3.725631717533078,2.793544261735967,1.6830612863582775,0.0
788,0.7887887887887888,3.7262526893963734,2.7974495248434046,1.6834340377947052,0.0
789,0.7897897897897898,3.726891018118191,2.8013538520258754,1.683800869289061,0.0
790,0.7907907907907907,3.727546732133752,2.80525722378494,1.6841617618845302,0.0
791,0.7917917917917918,3.7282198598782754,2.8091596206221645,1.6845166966243004,0.0
792,0.7927927927927928,3.728910429786982,2.813061023039109,1.6848656545515572,0.0
793,0.7937937937937938,3.7296184702950925,2.8169614115373385,1.6852086167094873,0.0
794,0.7947947947947948,3.7303440098378275,2.8208607666184156,1.6855455641412775,0.0
795,0.7957957957957957,3.7310870768504074,2.824759068783904,1.6858764778901136,0.0
796,0.7967967967967968,3.731847699768053,2.828656298535367,1.6862013389991826,0.0
797,0.7977977977977978,3.732625907025983,2.8325524363743666,1.6865201285116702,0.0
798,0.7987987987987988,3.7334217270594188,2.8364474628024663,1.6868328274707634,0.0
799,0.7997997997997998,3.7342351883035807,2.84034135832123,1.687139416919648,0.0
800,0.8008008008008007,3.73506631919369,2.8442341034322203,1.6874398779015112,1.0
801,0.8018018018018018,3.735915148164965,2.8481256786370004,1.6877341914595387,0.0
802,0.8028028028028028,3.736781703652629,2.852016064437134,1.6880223386369178,0.0
803,0.8038038038038038,3.737666014091899,2.8559052413341837,1.6883043004768339,0.0
804,0.8048048048048048,3.738568107917998,2.8597931898297126,1.688580058022474,0.0
805,0.8058058058058059,3.739488013566146,2.8636798904252845,1.6888495923170246,0.0
806,0.8068068068068068,3.740425759471562,2.8675653236224616,1.6891128844036711,0.0
807,0.8078078078078078,3.7413813740694675,2.871449469922808,1.6893699153256014,0.0
808,0.8088088088088088,3.7423548857950824,2.8753323098278862,1.6896206661260007,0.0
809,0.8098098098098098,3.743346323083628,2.87921382383926,1.6898651178480564,0.0
810,0.8108108108108109,3.744355714370324,2.883093992458492,1.690103251534954,0.0
811,0.8118118118118118,3.7453830880903896,2.8869727961871456,1.6903350482298807,0.0
812,0.8128128128128128,3.7464284726790478,2.8908502155267843,1.6905604889760224,0.0
813,0.8138138138138138,3.7474918965715167,2.8947262309789696,1.6907795548165654,0.0
814,0.8148148148148148,3.7485733882030177,2.898600823045267,1.6909922267946964,0.0
815,0.8158158158158159,3.749672976008771,2.902473972227239,1.6911984859536018,0.0
816,0.8168168168168168,3.750790688423997,2.9063456590264476,1.6913983133364683,0.0
817,0.8178178178178178,3.751926553883916,2.910215863944457,1.6915916899864816,0.0
818,0.8188188188188188,3.7530806008237487,2.9140845674828304,1.6917785969468286,0.0
819,0.8198198198198198,3.7542528576787157,2.9179517501431302,1.6919590152606956,0.0
820,0.8208208208208209,3.755443352884037,2.921817392426921,1.6921329259712694,0.0
821,0.8218218218218218,3.7566521148749326,2.9256814748357645,1.6923003101217358,0.0
822,0.8228228228228228,3.7578791720866227,2.929543977871224,1.6924611487552812,0.0
823,0.8238238238238238,3.7591245529543285,2.9334048820348633,1.6926154229150927,0.0
824,0.8248248248248248,3.7603882859132702,2.937264167828245,1.692763113644356,0.0
825,0.8258258258258259,3.761670399398668,2.941121815752933,1.6929042019862575,0.0
826,0.8268268268268268,3.762970921845743,2.9449778063104906,1.6930386689839843,0.0
827,0.8278278278278278,3.764289881689714,2.9488321200024794,1.6931664956807222,0.0
828,0.8288288288288288,3.765627307365803,2.952684737330464,1.6932876631196578,0.0
829,0.8298298298298298,3.766983227309229,2.956535638796007,1.6934021523439777,0.0
830,0.8308308308308309,3.7683576699552135,2.9603848049006727,1.693509944396868,0.0
831,0.8318318318318318,3.7697506637389764,2.9642322161460215,1.6936110203215153,0.0
832,0.8328328328328328,3.771162237095738,2.9680778530336194,1.6937053611611057,0.0
833,0.8338338338338338,3.772592418460719,2.971921696065028,1.693792947958826,0.0
834,0.8348348348348348,3.77404123626914,2.9757637257418112,1.6938737617578628,0.0
835,0.8358358358358359,3.77550871895622,2.9796039225655324,1.6939477836014016,0.0
836,0.8368368368368369,3.7769948949571814,2.9834422670377543,1.69401499453263,0.0
837,0.8378378378378378,3.7784997927072435,2.9872787396600393,1.6940753755947333,0.0
838,0.8388388388388388,3.7800234406416267,2.991113320933952,1.694128907830899,0.0
839,0.8398398398398398,3.7815658671955514,2.994945991361055,1.6941755722843124,0.0
840,0.8408408408408409,3.7831271008042373,2.998776731442911,1.6942153499981603,0.0
841,0.8418418418418419,3.784707169902906,3.002605521681083,1.6942482220156296,0.0
842,0.8428428428428428,3.786306102926777,3.0064323425771353,1.6942741693799062,0.0
843,0.8438438438438438,3.787923928311072,3.010257174632631,1.6942931731341768,0.0
844,0.8448448448448448,3.7895606744910104,3.0140799983491315,1.6943052143216275,0.0
845,0.8458458458458459,3.7912163699018127,3.017900794228203,1.6943102739854452,0.0
846,0.8468468468468469,3.792891042978698,3.021719542771405,1.6943083331688156,0.0
847,0.8478478478478478,3.794584722156889,3.0255362244803035,1.694299372914926,0.0
848,0.8488488488488488,3.7962974358716046,3.02935081985646,1.6942833742669619,0.0
849,0.8498498498498498,3.7980292125580655,3.0331633094014387,1.6942603182681104,0.0
850,0.8508508508508509,3.7997800806514928,3.0369736736168034,1.6942301859615578,0.0
851,0.8518518518518519,3.8015500685871055,3.040781893004115,1.6941929583904898,0.0
852,0.8528528528528528,3.803339204800125,3.044587948064938,1.6941486165980937,0.0
853,0.8538538538538538,3.8051475177257714,3.048391819300836,1.6940971416275554,0.0
854,0.8548548548548548,3.8069750357992653,3.052193487213372,1.6940385145220618,0.0
855,0.8558558558558559,3.808821787455827,3.0559929323041084,1.6939727163247986,0.0
856,0.8568568568568569,3.810687801130677,3.059790135074609,1.6938997280789532,0.0
857,0.8578578578578578,3.812573105259035,3.0635850760264365,1.693819530827711,0.0
858,0.8588588588588588,3.8144777282761213,3.067377735661154,1.6937321056142587,0.0
859,0.8598598598598598,3.8164016986171574,3.071168094480325,1.6936374334817832,0.0
860,0.8608608608608609,3.8183450447173626,3.074956132985513,1.69353549547347,0.0
861,0.8618618618618619,3.8203077950119586,3.0787418316782817,1.6934262726325064,0.0
862,0.8628628628628628,3.822289977936164,3.0825251710601917,1.6933097460020785,0.0
863,0.8638638638638638,3.8242916219252017,3.086306131632809,1.6931858966253728,0.0
864,0.8648648648648649,3.82631275541429,3.0900846938976967,1.6930547055455758,0.0
865,0.8658658658658659,3.828353406838649,3.0938608383564152,1.692916153805873,0.0
866,0.8668668668668669,3.8304136046335,3.097634545510529,1.6927702224494516,0.0
867,0.8678678678678678,3.832493377234064,3.1014057958616026,1.6926168925194982,0.0
868,0.8688688688688688,3.83459275307556,3.1051745699111977,1.6924561450591988,0.0
869,0.8698698698698699,3.83671176059321,3.1089408481608793,1.6922879611117403,0.0
870,0.8708708708708709,3.838850428222232,3.1127046111122074,1.6921123217203085,0.0
871,0.8718718718718719,3.841008784397849,3.116465839266748,1.6919292079280899,0.0
872,0.8728728728728729,3.8431868575552803,3.1202245131260633,1.6917386007782718,0.0
873,0.8738738738738738,3.845384676129746,3.123980613191716,1.6915404813140396,0.0
874,0.8748748748748749,3.847602268556466,3.12773411996527,1.6913348305785796,0.0
875,0.8758758758758759,3.8498396632706617,3.1314850139482884,1.6911216296150786,0.0
876,0.8768768768768769,3.8520968887075533,3.1352332756423333,1.6909008594667232,0.0
877,0.8778778778778779,3.854373973302361,3.1389788855489686,1.6906725011766999,0.0
878,0.8788788788788788,3.8566709454903054,3.142721824169758,1.6904365357881943,0.0
879,0.8798798798798799,3.858987833706607,3.1464620720062646,1.6901929443443937,0.0
880,0.8808808808808809,3.8613246663864853,3.150199609560051,1.6899417078884842,0.0
881,0.8818818818818819,3.8636814719651613,3.1539344173326804,1.689682807463652,0.0
882,0.8828828828828829,3.8660582788778557,3.157666475825716,1.6894162241130837,0.0
883,0.8838838838838838,3.868455115559788,3.161395765540721,1.689141938879966,0.0
884,0.8848848848848849,3.8708720104461793,3.165122266979259,1.6888599328074845,0.0
885,0.8858858858858859,3.87330899197225,3.1688459606428925,1.6885701869388265,0.0
886,0.8868868868868869,3.87576608857322,3.1725668270331853,1.6882726823171779,0.0
887,0.8878878878878879,3.87824332868431,3.1762848466516997,1.687967399985725,0.0
888,0.8888888888888888,3.880740740740741,3.1799999999999997,1.6876543209876549,0.0
889,0.8898898898898899,3.8832583531777325,3.183712267579649,1.6873334263661532,0.0
890,0.8908908908908909,3.8857961944305046,3.1874216298922082,1.687004697164407,0.0
891,0.8918918918918919,3.8883542929342783,3.1911280674392435,1.6866681144256024,0.0
892,0.8928928928928929,3.8909326771242734,3.1948315607223154,1.6863236591929254,0.0
893,0.8938938938938938,3.893531375435712,3.19853209024299,1.685971312509563,0.0
894,0.8948948948948949,3.896150416303813,3.202229636502828,1.6856110554187014,0.0
895,0.8958958958958959,3.898789828163797,3.2059241800033944,1.6852428689635273,0.0
896,0.8968968968968969,3.9014496394508837,3.2096157012462507,1.6848667341872263,0.0
897,0.8978978978978979,3.904129878600295,3.2133041807329605,1.6844826321329858,0.0
898,0.8988988988988988,3.90683057404725,3.2169895989650876,1.6840905438439915,0.0
899,0.8998998998998999,3.90955175422697,3.220671936444195,1.68369045036343,0.0
900,0.9009009009009009,3.912293447574675,3.2243511736718458,1.6832823327344881,1.0
901,0.9019019019019019,3.9150556825255847,3.228027291149602,1.6828661720003517,0.0
902,0.9029029029029029,3.91783848751492,3.2317002693790284,1.6824419492042075,0.0
903,0.9039039039039038,3.920641890977902,3.235370088861688,1.682009645389242,0.0
904,0.9049049049049049,3.9234659213497514,3.2390367300991434,1.6815692415986407,0.0
905,0.9059059059059059,3.926310607065686,3.242700173592958,1.6811207188755914,0.0
906,0.9069069069069069,3.929175976560929,3.2463603998446944,1.6806640582632795,0.0
907,0.9079079079079079,3.9320620582706995,3.2500173893559166,1.680199240804892,0.0
908,0.9089089089089089,3.9349688806302177,3.2536711226281874,1.679726247543615,0.0
909,0.9099099099099099,3.937896472074704,3.2573215801630697,1.6792450595226347,0.0
910,0.9109109109109109,3.9408448610393805,3.260968742462128,1.6787556577851381,0.0
911,0.9119119119119119,3.943814075959464,3.264612590026923,1.6782580233743114,0.0
912,0.9129129129129129,3.946804145270179,3.26825310335902,1.6777521373333408,0.0
913,0.9139139139139139,3.949815097406743,3.271890262959981,1.6772379807054127,0.0
914,0.914914914914915,3.9528469608043775,3.27552404933137,1.6767155345337135,0.0
915,0.9159159159159159,3.9558997638983033,3.27915444297475,1.6761847798614302,0.0
916,0.9169169169169169,3.95897353512374,3.2827814243916835,1.6756456977317484,0.0
917,0.9179179179179179,3.962068302915907,3.2864049740837338,1.6750982691878549,0.0
918,0.9189189189189189,3.9651840957100264,3.2900250725524645,1.6745424752729359,0.0
919,0.91991991991992,3.9683209419413195,3.293641700299439,1.6739782970301782,0.0
920,0.9209209209209209,3.971478870045004,3.29725483782622,1.6734057155027682,0.0
921,0.9219219219219219,3.9746579084563014,3.30086446563437,1.6728247117338917,0.0
922,0.9229229229229229,3.977858085610432,3.3044705642254537,1.6722352667667355,0.0
923,0.9239239239239239,3.9810794299426173,3.3080731141010338,1.6716373616444866,0.0
924,0.924924924924925,3.984321969888077,3.311672095762673,1.6710309774103302,0.0
925,0.9259259259259259,3.9875857338820304,3.3152674897119336,1.6704160951074538,0.0
926,0.9269269269269269,3.990870750359699,3.318859276450381,1.6697926957790432,0.0
927,0.9279279279279279,3.9941770477563026,3.3224474364795764,1.669160760468285,0.0
928,0.9289289289289289,3.9975046545070625,3.3260319503010844,1.6685202702183655,0.0
929,0.92992992992993,4.000853599047198,3.3296127984164663,1.6678712060724707,0.0
930,0.9309309309309309,4.00422390981193,3.333189961327288,1.667213549073788,0.0
931,0.9319319319319319,4.00761561523648,3.33676341953511,1.6665472802655037,0.0
932,0.9329329329329329,4.011028743756065,3.3403331535414966,1.6658723806908031,0.0
933,0.933933933933934,4.01446332380591,3.3438991438480117,1.665188831392874,0.0
934,0.934934934934935,4.017919383821232,3.347461370956217,1.6644966134149017,0.0
935,0.9359359359359359,4.021396952237252,3.3510198153676765,1.6637957078000731,0.0
936,0.9369369369369369,4.024896057489191,3.354574457583954,1.6630860955915747,0.0
937,0.9379379379379379,4.02841672801227,3.358125278106611,1.6623677578325928,0.0
938,0.938938938938939,4.031958992241708,3.3616722574372115,1.6616406755663133,0.0
939,0.93993993993994,4.035522878612726,3.365215376077319,1.6609048298359237,0.0
940,0.9409409409409409,4.039108415560543,3.368754614528496,1.6601602016846095,0.0
941,0.9419419419419419,4.042715631520382,3.3722899532923067,1.6594067721555574,0.0
942,0.9429429429429429,4.046344554927463,3.3758213728703135,1.658644522291954,0.0
943,0.943943943943944,4.049995214217004,3.3793488537640797,1.6578734331369855,0.0
944,0.944944944944945,4.053667637824226,3.382872376475168,1.6570934857338382,0.0
945,0.9459459459459459,4.057361854184353,3.386391921505143,1.6563046611256989,0.0
946,0.9469469469469469,4.061077891732601,3.389907469355566,1.6555069403557536,0.0
947,0.9479479479479479,4.064815778904191,3.393419000528001,1.6547003044671889,0.0
948,0.948948948948949,4.0685755441343465,3.3969264955240117,1.653884734503191,0.0
949,0.94994994994995,4.072357215858284,3.4004299348451608,1.6530602115069468,0.0
950,0.950950950950951,4.076160822511227,3.4039292989930114,1.6522267165216427,0.0
951,0.9519519519519519,4.079986392528394,3.4074245684691262,1.6513842305904647,0.0
952,0.9529529529529529,4.083833954345006,3.4109157237750694,1.6505327347565988,0.0
953,0.953953953953954,4.087703536396283,3.4144027454124037,1.6496722100632324,0.0
954,0.954954954954955,4.091595167117446,3.417885613882692,1.6488026375535512,0.0
955,0.955955955955956,4.095508874943715,3.4213643096874975,1.6479239982707419,0.0
956,0.9569569569569569,4.09944468831031,3.4248388133283836,1.6470362732579908,0.0
957,0.9579579579579579,4.1034026356524524,3.428309105306914,1.6461394435584848,0.0
958,0.958958958958959,4.107382745405363,3.43177516612465,1.6452334902154095,0.0
959,0.95995995995996,4.11138504600426,3.4352369762831576,1.644318394271952,0.0
960,0.960960960960961,4.115409565884365,3.4386945162839977,1.6433941367712983,0.0
961,0.9619619619619619,4.1194563334808985,3.4421477666287337,1.642460698756635,0.0
962,0.9629629629629629,4.123525377229081,3.44559670781893,1.6415180612711484,0.0
963,0.963963963963964,4.127616725564133,3.4490413203561485,1.6405662053580248,0.0
964,0.964964964964965,4.131730406921274,3.452481584741953,1.6396051120604507,0.0
965,0.965965965965966,4.135866449735724,3.455917481477907,1.6386347624216129,0.0
966,0.9669669669669669,4.140024882442706,3.459348991065572,1.6376551374846975,0.0
967,0.9679679679679679,4.144205733477437,3.4627760940065127,1.6366662182928904,0.0
968,0.968968968968969,4.148409031275141,3.466198770802293,1.6356679858893788,0.0
969,0.96996996996997,4.1526348042710355,3.4696170019544743,1.634660421317349,0.0
970,0.970970970970971,4.156883080900342,3.473030767964621,1.6336435056199874,0.0
971,0.9719719719719719,4.16115388959828,3.4764400493342946,1.6326172198404798,0.0
972,0.9729729729729729,4.165447258800071,3.47984482656506,1.6315815450220132,0.0
973,0.973973973973974,4.169763216940935,3.48324508015848,1.6305364622077736,0.0
974,0.974974974974975,4.174101792456093,3.486640790616117,1.629481952440948,0.0
975,0.975975975975976,4.178463013780764,3.490031938439535,1.6284179967647225,0.0
976,0.9769769769769769,4.18284690935017,3.4934185041302968,1.6273445762222833,0.0
977,0.9779779779779779,4.187253507599529,3.4968004681899654,1.626261671856817,0.0
978,0.978978978978979,4.191682836964064,3.5001778111201047,1.6251692647115104,0.0
979,0.97997997997998,4.196134925878994,3.503550513422277,1.6240673358295488,0.0
980,0.980980980980981,4.20060980277954,3.5069185555980456,1.6229558662541201,0.0
981,0.9819819819819819,4.205107496100922,3.5102819181489746,1.6218348370284097,0.0
982,0.9829829829829829,4.20962803427836,3.513640581576625,1.6207042291956042,0.0
983,0.983983983983984,4.214171445747075,3.5169945263825633,1.6195640237988898,0.0
984,0.984984984984985,4.2187377589422885,3.5203437330683496,1.6184142018814536,0.0
985,0.985985985985986,4.223327002299218,3.5236881821355484,1.6172547444864813,0.0
986,0.986986986986987,4.227939204253086,3.5270278540857225,1.61608563265716,0.0
987,0.9879879879879879,4.232574393239112,3.530362729420436,1.6149068474366752,0.0
988,0.988988988988989,4.237232597692518,3.533692788641251,1.613718369868214,0.0
989,0.98998998998999,4.241913846048521,3.5370180122497303,1.6125201809949627,0.0
990,0.990990990990991,4.246618166742345,3.5403383807474387,1.6113122618601077,0.0
991,0.991991991991992,4.251345588209208,3.5436538746359374,1.6100945935068351,0.0
992,0.992992992992993,4.256096138884333,3.5469644744167916,1.6088671569783317,0.0
993,0.993993993993994,4.260869847202937,3.5502701605915625,1.6076299333177837,0.0
994,0.994994994994995,4.265666741600243,3.553570913661815,1.6063829035683779,0.0
995,0.995995995995996,4.270486850511469,3.5568667141291113,1.6051260487733001,0.0
996,0.996996996996997,4.275330202371839,3.5601575424950145,1.603859349975737,0.0
997,0.997997997997998,4.28019682561657,3.563443379261089,1.6025827882188752,0.0
998,0.998998998998999,4.285086748680884,3.566724204928896,1.601296344545901,0.0
999,1.0,4.29,3.57,1.6000000000000005,0.0
